date,open,high,low,close,volume
2018-01-01,100.000000,100.661271,99.776965,100.000000,4044396
2018-01-02,100.000000,100.243097,98.480380,98.965405,1378221
2018-01-03,98.965405,99.868447,98.826273,99.659050,3378466
2018-01-04,99.659050,100.687493,99.311461,100.635969,2392052
2018-01-05,100.635969,100.963319,98.312190,98.739703,2481188
2018-01-08,98.739703,99.072561,96.567535,97.369615,4809143
2018-01-09,97.369615,97.773084,97.228072,97.426082,3423741
2018-01-10,97.426082,97.854518,96.949092,97.121282,3460542
2018-01-11,97.121282,98.229257,95.938174,97.089753,2401426
2018-01-12,97.089753,97.234179,96.005646,96.263495,2525640
2018-01-15,96.263495,97.502674,95.829811,97.072276,3743083
2018-01-16,97.072276,98.110507,96.307503,97.871174,1155643
2018-01-17,97.871174,98.067061,97.037909,97.975964,1949207
2018-01-18,97.975964,99.445477,97.269875,99.091940,3401093
2018-01-19,99.091940,100.933401,98.541994,99.612683,3494145
2018-01-22,99.612683,100.299019,98.116123,98.786271,1369030
2018-01-23,98.786271,100.007178,98.418300,99.109926,4151305
2018-01-24,99.109926,100.224806,97.869885,98.180176,3170176
2018-01-25,98.180176,99.591475,97.877666,98.999774,1950854
2018-01-26,98.999774,99.655625,97.839682,98.991498,4007802
2018-01-29,98.991498,99.013492,97.888749,98.808256,4963508
2018-01-30,98.808256,99.445848,97.990896,98.128636,2694341
2018-01-31,98.128636,99.505443,97.368192,99.301387,2133784
2018-02-01,99.301387,99.689933,98.990832,99.206969,2197645
2018-02-02,99.206969,99.653845,98.728397,98.778248,3370414
2018-02-05,98.778248,99.037023,97.851837,98.409717,1189536
2018-02-06,98.409717,99.276878,97.373027,98.916469,2933716
2018-02-07,98.916469,99.590431,98.631170,99.304113,1099111
2018-02-08,99.304113,100.013350,99.295754,99.734323,1154321
2018-02-09,99.734323,100.470201,98.825716,100.186579,2720106
2018-02-12,100.186579,102.659832,99.424059,102.378521,3982056
2018-02-13,102.378521,102.953257,101.549236,102.073681,4533381
2018-02-14,102.073681,102.678023,101.020029,101.537012,1350541
2018-02-15,101.537012,101.580930,100.635954,100.687542,1976251
2018-02-16,100.687542,101.432700,100.565399,101.267123,2686646
2018-02-19,101.267123,102.852232,100.782048,102.446276,3296222
2018-02-20,102.446276,102.459893,101.885563,102.388856,4948200
2018-02-21,102.388856,102.680940,101.389066,101.529387,3737223
2018-02-22,101.529387,101.843210,100.152284,100.653306,3153443
2018-02-23,100.653306,102.052160,100.588014,101.266394,1243319
2018-02-26,101.266394,102.704444,101.230893,102.052846,1323258
2018-02-27,102.052846,103.162261,101.761396,102.648356,1612401
2018-02-28,102.648356,103.512443,101.501646,101.997158,3643155
2018-03-01,101.997158,102.473038,101.619925,102.201704,2325107
2018-03-02,102.201704,102.865895,101.783013,102.331279,1963772
2018-03-05,102.331279,102.596672,100.999117,102.561808,3680372
2018-03-06,102.561808,103.684335,102.368938,103.471108,4261464
2018-03-07,103.471108,104.686231,103.234116,103.748502,2756140
2018-03-08,103.748502,104.558860,103.349606,104.469244,4527410
2018-03-09,104.469244,105.391431,104.041388,104.576060,3936780
2018-03-12,104.576060,105.391479,104.296274,104.884207,3865066
2018-03-13,104.884207,106.364545,104.672780,105.563952,4470391
2018-03-14,105.563952,105.984577,103.788904,104.070483,1735232
2018-03-15,104.070483,104.227614,103.235495,103.664451,4033489
2018-03-16,103.664451,104.040437,102.946073,103.157821,4830948
2018-03-19,103.157821,103.481987,102.429859,102.475764,4968988
2018-03-20,102.475764,102.872599,101.651580,102.160307,3312174
2018-03-21,102.160307,103.703011,101.851477,103.683032,4017444
2018-03-22,103.683032,104.584892,101.917668,102.865255,4554427
2018-03-23,102.865255,104.075338,101.879498,103.824999,4408716
2018-03-26,103.824999,104.343780,101.496615,102.139796,4591168
2018-03-27,102.139796,102.189545,101.047214,101.715058,4329465
2018-03-28,101.715058,102.264800,101.636427,101.859513,2525241
2018-03-29,101.859513,102.694751,101.254019,102.465660,3921063
2018-03-30,102.465660,103.253219,102.105619,103.227640,2641752
2018-04-02,103.227640,104.148513,102.828104,104.088402,4207207
2018-04-03,104.088402,104.523522,103.540572,103.769128,4240972
2018-04-04,103.769128,104.112646,102.591687,103.274592,4738732
2018-04-05,103.274592,104.478181,102.932780,104.139598,3353277
2018-04-06,104.139598,104.448661,103.975536,103.983922,2900829
2018-04-09,103.983922,104.783021,102.421519,102.658159,1662178
2018-04-10,102.658159,103.402095,101.216487,101.436214,3553148
2018-04-11,101.436214,101.626379,100.283066,100.447673,3265619
2018-04-12,100.447673,101.087087,100.154281,100.898884,3059758
2018-04-13,100.898884,101.380461,100.440997,101.065339,3705298
2018-04-16,101.065339,101.785867,101.046904,101.773983,4404147
2018-04-17,101.773983,102.079177,100.345707,101.375489,1594688
2018-04-18,101.375489,102.338740,101.268176,101.516421,2725438
2018-04-19,101.516421,102.346363,101.129568,102.160585,3889218
2018-04-20,102.160585,102.271955,101.734596,101.877259,4278907
2018-04-23,101.877259,102.940174,100.951945,102.329463,4113554
2018-04-24,102.329463,103.440052,101.228860,101.676868,4197418
2018-04-25,101.676868,102.700806,101.165885,101.275993,4420149
2018-04-26,101.275993,101.678989,100.852127,100.870195,4847544
2018-04-27,100.870195,100.900692,99.601152,99.651126,3432261
2018-04-30,99.651126,100.202042,99.594165,100.076722,1995682
2018-05-01,100.076722,100.740429,99.575934,99.629288,3254168
2018-05-02,99.629288,99.640862,99.197049,99.619415,3838478
2018-05-03,99.619415,101.101735,98.933169,100.098989,1402809
2018-05-04,100.098989,100.985562,100.097863,100.571108,4027677
2018-05-07,100.571108,101.352275,100.161122,101.266347,3176843
2018-05-08,101.266347,101.488654,100.846418,101.201517,4745113
2018-05-09,101.201517,101.401174,100.384882,100.770812,1847303
2018-05-10,100.770812,101.843617,100.285496,100.669041,4627609
2018-05-11,100.669041,100.798723,98.439901,98.979667,2792018
2018-05-14,98.979667,99.398095,96.397704,97.475116,3294103
2018-05-15,97.475116,98.243035,96.061985,96.120659,3640011
2018-05-16,96.120659,96.438538,94.057745,95.100303,3316612
2018-05-17,95.100303,95.982601,94.839694,95.430315,4615326
2018-05-18,95.430315,95.890934,94.003901,94.586495,1669164
2018-05-21,94.586495,94.611788,93.927179,94.187644,3919509
2018-05-22,94.187644,96.393433,94.070421,95.399182,4899850
2018-05-23,95.399182,95.692186,94.640955,95.120681,1880473
2018-05-24,95.120681,96.171935,94.890273,95.810798,2020069
2018-05-25,95.810798,95.931089,94.376625,94.954769,2900045
2018-05-28,94.954769,96.132544,94.281957,94.717384,3898944
2018-05-29,94.717384,95.189274,93.096313,93.810067,4835920
2018-05-30,93.810067,94.388360,93.279931,93.447574,4183180
2018-05-31,93.447574,95.526573,93.024602,94.217890,4176075
2018-06-01,94.217890,94.381604,92.500174,92.642439,2764862
2018-06-04,92.642439,93.515866,92.363835,92.967358,3581538
2018-06-05,92.967358,93.579902,92.173990,93.204952,1844774
2018-06-06,93.204952,93.519572,92.564469,92.664642,2852597
2018-06-07,92.664642,92.851803,90.940294,91.307753,1755841
2018-06-08,91.307753,91.565908,91.249777,91.306268,1108493
2018-06-11,91.306268,92.144562,90.557663,90.824012,4425984
2018-06-12,90.824012,91.103832,90.819024,91.011482,4218915
2018-06-13,91.011482,91.211934,90.358022,91.040757,3043025
2018-06-14,91.040757,93.199188,90.788010,92.512259,1057980
2018-06-15,92.512259,93.062898,91.574707,92.365109,1360547
2018-06-18,92.365109,92.716331,91.318914,91.417299,1447079
2018-06-19,91.417299,91.790757,90.602637,91.534116,3868077
2018-06-20,91.534116,91.751773,91.436268,91.741568,1813966
2018-06-21,91.741568,93.734347,90.915674,93.007547,2000684
2018-06-22,93.007547,93.959159,92.127208,93.851806,4444392
2018-06-25,93.851806,94.685721,93.531587,94.229900,4505579
2018-06-26,94.229900,95.778208,94.196913,95.638130,4052213
2018-06-27,95.638130,96.397926,94.402433,94.578073,2238287
2018-06-28,94.578073,94.636621,93.414296,93.922583,3319751
2018-06-29,93.922583,94.271049,92.771897,93.023984,1801083
2018-07-02,93.023984,93.897474,92.085800,92.617544,4431621
2018-07-03,92.617544,93.115255,91.083632,91.331229,1339433
2018-07-04,91.331229,92.251463,91.219494,91.848915,3977614
2018-07-05,91.848915,91.972955,91.604239,91.670936,3046124
2018-07-06,91.670936,91.859765,90.244722,90.323741,4029889
2018-07-09,90.323741,91.163524,88.877799,89.344912,2802950
2018-07-10,89.344912,89.786502,88.958342,89.576645,1632487
2018-07-11,89.576645,90.639442,88.850212,90.342266,4005248
2018-07-12,90.342266,93.453217,90.064717,92.203516,3524319
2018-07-13,92.203516,95.128155,91.912504,95.026569,2858410
2018-07-16,95.026569,95.946430,94.798391,95.565181,2490905
2018-07-17,95.565181,95.769593,94.457976,94.650935,2375263
2018-07-18,94.650935,94.858690,92.461345,92.609771,2924537
2018-07-19,92.609771,93.001147,92.245128,92.756865,2046619
2018-07-20,92.756865,93.235675,91.992205,92.013164,2129448
2018-07-23,92.013164,93.075845,91.371813,91.594899,2112586
2018-07-24,91.594899,91.744585,90.873292,91.015226,1050718
2018-07-25,91.015226,91.348471,89.940369,90.858328,4711391
2018-07-26,90.858328,92.244641,90.070143,91.824119,1946206
2018-07-27,91.824119,92.067291,91.594656,92.017075,1660314
2018-07-30,92.017075,92.133422,91.109472,91.880863,1604686
2018-07-31,91.880863,92.139174,90.878264,90.927471,4952705
2018-08-01,90.927471,91.514809,89.177014,89.370782,2906971
2018-08-02,89.370782,89.528355,87.934080,88.860463,2307677
2018-08-03,88.860463,89.710393,88.614551,88.787259,2615570
2018-08-06,88.787259,90.577825,88.618546,90.367189,1353560
2018-08-07,90.367189,90.735183,89.418692,90.564825,2254667
2018-08-08,90.564825,91.701143,90.184649,91.469220,1994761
2018-08-09,91.469220,91.656888,90.405536,91.058886,4212873
2018-08-10,91.058886,91.174514,89.295727,89.966030,1233657
2018-08-13,89.966030,90.135979,88.888332,89.048154,2701792
2018-08-14,89.048154,89.456133,88.339024,88.359372,4160119
2018-08-15,88.359372,91.007091,87.772597,90.225196,4334386
2018-08-16,90.225196,90.614066,88.827135,89.580680,3050211
2018-08-17,89.580680,90.474021,89.072951,90.302587,1890107
2018-08-20,90.302587,90.472784,89.105348,89.526813,2347946
2018-08-21,89.526813,90.834723,89.436684,90.325742,1889164
2018-08-22,90.325742,91.317040,90.127244,90.714410,3648198
2018-08-23,90.714410,91.279395,89.772192,90.591875,2170563
2018-08-24,90.591875,91.026531,90.336335,90.548835,3522586
2018-08-27,90.548835,91.234632,88.933389,89.955732,3622776
2018-08-28,89.955732,90.702676,89.667902,90.328211,4759488
2018-08-29,90.328211,90.511060,89.274176,89.936745,2481403
2018-08-30,89.936745,90.658610,88.740678,88.821912,4845042
2018-08-31,88.821912,88.832703,87.607287,87.639371,2602866
2018-09-03,87.639371,87.891850,87.472299,87.731943,3722735
2018-09-04,87.731943,89.380835,87.374073,89.133012,3646478
2018-09-05,89.133012,89.425670,88.703491,89.346482,4271263
2018-09-06,89.346482,89.476584,88.686124,89.251220,2876443
2018-09-07,89.251220,90.161369,88.638804,89.501914,4169700
2018-09-10,89.501914,91.247147,89.058385,90.691195,2421346
2018-09-11,90.691195,92.254181,90.252250,90.950383,2965214
2018-09-12,90.950383,91.094739,90.550947,90.590335,2998696
2018-09-13,90.590335,91.655319,90.436418,91.579925,3817833
2018-09-14,91.579925,92.829569,91.369191,92.023399,3473387
2018-09-17,92.023399,93.514152,91.565882,93.470136,1313036
2018-09-18,93.470136,94.299761,93.431477,93.714627,4236260
2018-09-19,93.714627,94.223764,91.933402,92.586210,4032084
2018-09-20,92.586210,92.741940,91.131603,91.272808,1418208
2018-09-21,91.272808,93.150502,90.987953,92.725900,4847332
2018-09-24,92.725900,94.729755,92.339574,94.412571,3642881
2018-09-25,94.412571,95.109993,93.310103,94.328216,1339899
2018-09-26,94.328216,94.584108,93.742522,93.963254,2965583
2018-09-27,93.963254,95.548388,93.628276,95.328079,4344463
2018-09-28,95.328079,96.219977,93.587942,94.346576,2119315
2018-10-01,94.346576,95.225092,93.073383,93.457822,4731920
2018-10-02,93.457822,94.299793,92.879373,94.016497,2673619
2018-10-03,94.016497,94.102287,93.539774,93.674145,1904755
2018-10-04,93.674145,93.943714,92.756114,93.652263,2425802
2018-10-05,93.652263,94.312427,93.012837,93.498228,3099244
2018-10-08,93.498228,94.361313,93.244015,93.806667,3752520
2018-10-09,93.806667,95.306120,93.144712,95.151981,4711432
2018-10-10,95.151981,95.403290,95.110193,95.306045,1779581
2018-10-11,95.306045,96.165319,95.208496,95.929497,4840904
2018-10-12,95.929497,96.208005,93.459258,94.013446,3110804
2018-10-15,94.013446,94.339988,93.451658,93.872910,1511529
2018-10-16,93.872910,93.993023,92.615651,93.077711,4705872
2018-10-17,93.077711,93.381027,91.820748,91.911050,2396016
2018-10-18,91.911050,91.915091,90.673452,91.050023,3482340
2018-10-19,91.050023,91.283657,90.100038,90.703615,3792578
2018-10-22,90.703615,91.712410,89.947131,91.520743,1053627
2018-10-23,91.520743,92.541077,89.983204,90.355342,1886233
2018-10-24,90.355342,91.063697,90.052806,90.325127,3745825
2018-10-25,90.325127,90.894598,89.711073,89.887354,2299082
2018-10-26,89.887354,90.502142,88.739951,89.571538,1037325
2018-10-29,89.571538,90.843746,89.267452,90.458321,1093164
2018-10-30,90.458321,92.005435,90.454899,90.991213,4305785
2018-10-31,90.991213,92.702525,90.567932,92.243388,1614086
2018-11-01,92.243388,92.691294,91.808541,92.163939,1401697
2018-11-02,92.163939,92.176852,90.762392,91.520814,3249317
2018-11-05,91.520814,91.620218,90.971754,91.284200,1475746
2018-11-06,91.284200,91.589784,90.972422,91.493986,3612360
2018-11-07,91.493986,91.845196,90.790691,91.666203,3176383
2018-11-08,91.666203,92.308411,90.590200,90.686083,3595647
2018-11-09,90.686083,90.801651,90.435778,90.719407,2966418
2018-11-12,90.719407,91.342742,90.649039,90.928361,4113441
2018-11-13,90.928361,93.641662,90.313198,93.257243,3579018
2018-11-14,93.257243,95.582509,92.573573,95.144298,2661125
2018-11-15,95.144298,95.455734,94.044827,94.430478,1061516
2018-11-16,94.430478,94.782467,94.104072,94.124042,2093962
2018-11-19,94.124042,94.251546,92.699741,92.741548,1525723
2018-11-20,92.741548,93.172327,91.672849,92.127147,1062322
2018-11-21,92.127147,92.788706,92.101496,92.387654,2092682
2018-11-22,92.387654,94.286417,92.385195,93.521661,1826519
2018-11-23,93.521661,93.632460,92.369318,92.898939,1306960
2018-11-26,92.898939,92.937700,91.705403,92.262402,2249551
2018-11-27,92.262402,92.465374,90.122752,90.271343,3026260
2018-11-28,90.271343,91.605381,89.930057,90.026364,1712827
2018-11-29,90.026364,90.587821,88.767053,89.062871,2092444
2018-11-30,89.062871,89.561998,88.285856,88.544933,1080577
2018-12-03,88.544933,88.839180,87.488064,87.746319,1201617
2018-12-04,87.746319,87.904522,87.585429,87.623943,1629790
2018-12-05,87.623943,88.233230,85.673918,86.091201,2811694
2018-12-06,86.091201,86.710501,84.357080,84.762600,3664398
2018-12-07,84.762600,86.581756,84.149318,86.519450,4153355
2018-12-10,86.519450,86.644920,85.433504,85.500375,3518341
2018-12-11,85.500375,86.494650,83.824463,84.517657,3467398
2018-12-12,84.517657,86.687110,84.300601,86.034777,4742734
2018-12-13,86.034777,88.785512,85.909508,88.649627,2022566
2018-12-14,88.649627,88.912571,86.698592,87.748360,4192673
2018-12-17,87.748360,87.891190,86.919186,87.381164,4747484
2018-12-18,87.381164,87.885241,86.551998,87.661748,3271024
2018-12-19,87.661748,89.251559,87.097824,89.204626,4362218
2018-12-20,89.204626,89.380914,88.040249,88.405722,1550225
2018-12-21,88.405722,89.054258,88.140362,88.149489,4515132
2018-12-24,88.149489,88.875209,87.891247,88.824486,3256287
2018-12-25,88.824486,90.271678,88.705389,89.245538,1886137
2018-12-26,89.245538,89.286030,88.508829,88.931492,1246380
2018-12-27,88.931492,89.725347,88.717018,88.796908,3879712
2018-12-28,88.796908,88.955553,87.380797,87.577766,2723539
2018-12-31,87.577766,87.999436,86.868883,87.309055,2240013
2019-01-01,87.309055,87.625381,86.758647,87.063406,2561034
2019-01-02,87.063406,87.625950,86.912184,87.253483,4964052
2019-01-03,87.253483,87.454038,86.159784,86.779746,2711255
2019-01-04,86.779746,87.597023,86.596397,87.166181,1315104
2019-01-07,87.166181,88.090703,87.114406,88.072976,2119303
2019-01-08,88.072976,88.823288,87.897028,88.255631,1581455
2019-01-09,88.255631,89.178227,88.135878,88.575797,3743321
2019-01-10,88.575797,89.271439,88.566983,88.638940,4201597
2019-01-11,88.638940,89.425602,88.348318,88.642173,4363777
2019-01-14,88.642173,88.690698,87.700946,88.005031,3531530
2019-01-15,88.005031,88.748603,87.373164,88.252166,4074067
2019-01-16,88.252166,88.258085,87.973970,88.178713,2669161
2019-01-17,88.178713,91.057786,87.964792,90.040145,3511008
2019-01-18,90.040145,91.650922,89.932270,91.563588,1427899
2019-01-21,91.563588,92.069591,91.396261,91.994708,3153379
2019-01-22,91.994708,92.958812,90.601942,91.316852,3229870
2019-01-23,91.316852,91.982158,90.043682,90.273274,1124336
2019-01-24,90.273274,91.480850,89.472814,91.302501,3193234
2019-01-25,91.302501,92.375852,91.095246,91.594618,3891735
2019-01-28,91.594618,92.257264,91.029999,92.050161,2470363
2019-01-29,92.050161,92.309427,90.380385,90.480636,3179931
2019-01-30,90.480636,91.297473,90.030207,91.245197,2144294
2019-01-31,91.245197,91.850627,90.930348,91.699349,2082964
2019-02-01,91.699349,92.055881,90.035479,90.709240,1517974
2019-02-04,90.709240,91.076379,90.169847,90.233537,2311368
2019-02-05,90.233537,90.845124,89.441072,90.448031,4212778
2019-02-06,90.448031,91.127569,90.339597,90.506242,4742427
2019-02-07,90.506242,90.654839,89.664442,90.245098,3542504
2019-02-08,90.245098,90.325750,89.278011,90.138729,3497448
2019-02-11,90.138729,90.416489,89.331408,89.906584,3455284
2019-02-12,89.906584,90.042455,89.442652,90.032243,2903649
2019-02-13,90.032243,91.657654,90.003739,91.373237,2692142
2019-02-14,91.373237,91.862861,88.960728,89.123698,3483686
2019-02-15,89.123698,89.281275,88.180878,88.802109,4137602
2019-02-18,88.802109,89.433877,88.378368,88.942917,2654969
2019-02-19,88.942917,89.357630,88.722662,89.213640,3263567
2019-02-20,89.213640,89.726656,88.831235,88.895965,2880729
2019-02-21,88.895965,89.212424,87.160661,87.332369,2142052
2019-02-22,87.332369,88.058720,86.955975,87.541578,2161237
2019-02-25,87.541578,89.329740,87.166370,89.077519,1315083
2019-02-26,89.077519,89.355709,87.309763,87.797939,2759413
2019-02-27,87.797939,89.081951,87.431218,88.495603,3849823
2019-02-28,88.495603,88.641749,87.716935,88.240263,3742368
2019-03-01,88.240263,88.333680,88.080464,88.173427,4942669
2019-03-04,88.173427,88.393296,87.169745,87.246615,1159767
2019-03-05,87.246615,88.165842,86.735417,86.909371,4042629
2019-03-06,86.909371,88.048544,85.665907,88.029559,4180109
2019-03-07,88.029559,89.485587,87.896521,88.600682,2745738
2019-03-08,88.600682,90.237720,88.550465,90.178047,2131918
2019-03-11,90.178047,91.357644,90.155219,91.326633,2428408
2019-03-12,91.326633,92.038138,91.004007,91.786584,3730239
2019-03-13,91.786584,93.843143,91.752270,93.424785,4448666
2019-03-14,93.424785,94.856851,92.892167,93.918852,3570901
2019-03-15,93.918852,95.521484,93.852450,94.724695,3056749
2019-03-18,94.724695,94.824294,94.452624,94.484538,3610512
2019-03-19,94.484538,94.873341,94.430241,94.535435,1282385
2019-03-20,94.535435,95.155599,93.804938,93.880944,3432515
2019-03-21,93.880944,94.931021,93.393059,94.781657,1168561
2019-03-22,94.781657,95.698447,93.207232,93.716127,4836407
2019-03-25,93.716127,94.997309,93.633797,94.398814,4556828
2019-03-26,94.398814,95.696645,93.645312,94.253212,3033376
2019-03-27,94.253212,95.467908,93.435749,95.356281,2496323
2019-03-28,95.356281,96.221433,95.270629,96.130886,3929276
2019-03-29,96.130886,98.144581,95.849521,97.936728,3550330
2019-04-01,97.936728,99.279572,97.755197,98.746893,3821797
2019-04-02,98.746893,99.338643,96.806791,97.246739,3062327
2019-04-03,97.246739,97.329587,97.024971,97.107294,1945070
2019-04-04,97.107294,98.143766,95.085430,95.968947,1293006
2019-04-05,95.968947,96.265147,94.813335,95.416573,2133223
2019-04-08,95.416573,97.110441,94.858572,96.841532,3115995
2019-04-09,96.841532,97.684044,96.211125,97.533165,2696068
2019-04-10,97.533165,98.011799,96.051488,96.888322,3025464
2019-04-11,96.888322,97.452613,95.657659,95.879303,2110791
2019-04-12,95.879303,96.842294,95.848260,95.860549,4751479
2019-04-15,95.860549,96.320405,94.509768,94.700487,2466972
2019-04-16,94.700487,95.055246,93.565869,94.009794,4384625
2019-04-17,94.009794,95.064385,93.899262,94.269062,2563842
2019-04-18,94.269062,95.821244,93.110380,95.377612,2774345
2019-04-19,95.377612,96.744093,94.713750,96.016114,3415458
2019-04-22,96.016114,96.141367,93.472095,93.872431,2052529
2019-04-23,93.872431,94.447325,93.568485,94.052341,1879560
2019-04-24,94.052341,94.240648,93.661308,94.129126,2516763
2019-04-25,94.129126,94.572986,93.293086,94.523381,4217167
2019-04-26,94.523381,96.738786,94.041543,96.083568,1578401
2019-04-29,96.083568,96.197263,93.652126,94.198521,2750145
2019-04-30,94.198521,95.037235,93.061333,93.550627,3688467
2019-05-01,93.550627,94.450406,93.330846,94.072591,3824976
2019-05-02,94.072591,94.331851,92.544977,92.622212,2737626
2019-05-03,92.622212,94.112152,92.274988,93.926409,1325769
2019-05-06,93.926409,95.078136,93.742550,94.338963,1063625
2019-05-07,94.338963,95.506512,94.153286,95.161863,2879861
2019-05-08,95.161863,95.438651,93.894872,94.661188,4240179
2019-05-09,94.661188,95.583827,94.607290,95.409481,1112878
2019-05-10,95.409481,97.136030,94.894742,96.472342,4549914
2019-05-13,96.472342,97.054822,95.894672,96.750845,3703639
2019-05-14,96.750845,97.345221,96.441842,96.991874,1032222
2019-05-15,96.991874,97.641762,96.831090,97.266540,2374840
2019-05-16,97.266540,97.660042,96.082307,96.444044,1882006
2019-05-17,96.444044,96.514357,95.841299,96.260985,4797011
2019-05-20,96.260985,96.449675,95.771439,96.105147,3219128
2019-05-21,96.105147,96.533990,95.328156,96.466500,2296496
2019-05-22,96.466500,97.852012,96.209167,97.454119,2112193
2019-05-23,97.454119,98.012936,96.048193,96.477095,3255223
2019-05-24,96.477095,96.930644,96.047036,96.308033,1020378
2019-05-27,96.308033,98.047066,95.973823,97.736843,2029550
2019-05-28,97.736843,98.305414,96.200118,97.084240,1661639
2019-05-29,97.084240,97.162907,95.413465,96.256988,3480450
2019-05-30,96.256988,96.762421,95.859585,96.410659,3676895
2019-05-31,96.410659,98.007553,96.039528,97.235938,2868169
2019-06-03,97.235938,97.300726,96.765449,97.288502,1560116
2019-06-04,97.288502,98.701142,97.007967,98.592722,2482513
2019-06-05,98.592722,99.677234,98.472277,99.507321,4371601
2019-06-06,99.507321,100.401364,99.425842,100.394869,1814757
2019-06-07,100.394869,101.731600,100.180243,100.997550,1653470
2019-06-10,100.997550,104.059636,99.667039,103.406937,1446085
2019-06-11,103.406937,103.422150,103.029545,103.316720,4266859
2019-06-12,103.316720,103.848172,101.028097,101.262926,1479516
2019-06-13,101.262926,103.935349,101.027238,102.797287,3326474
2019-06-14,102.797287,102.974986,101.887242,102.404832,4996160
2019-06-17,102.404832,103.105418,101.634488,102.495762,3567248
2019-06-18,102.495762,103.930891,102.156978,103.851431,2649242
2019-06-19,103.851431,104.137128,102.011664,102.267889,1827307
2019-06-20,102.267889,102.627396,100.380387,100.918270,1007718
2019-06-21,100.918270,100.978501,99.058270,99.249210,1622252
2019-06-24,99.249210,100.053582,98.335617,98.382087,4811715
2019-06-25,98.382087,99.929996,98.376774,98.772216,1574414
2019-06-26,98.772216,99.779112,98.744342,99.310977,1079919
2019-06-27,99.310977,100.103408,99.024615,99.612817,4264288
2019-06-28,99.612817,99.839699,98.009555,98.230319,2674344
2019-07-01,98.230319,98.911273,95.210444,95.920055,2427983
2019-07-02,95.920055,96.596277,95.806047,95.858067,3869910
2019-07-03,95.858067,95.941386,95.028974,95.403813,3092113
2019-07-04,95.403813,96.169874,95.157530,95.820333,4658396
2019-07-05,95.820333,96.698736,95.293143,96.516334,2870395
2019-07-08,96.516334,96.903601,96.190299,96.684833,3851545
2019-07-09,96.684833,97.587367,96.413956,97.431063,4515451
2019-07-10,97.431063,97.808738,97.305610,97.692191,2854503
2019-07-11,97.692191,98.999420,97.412126,98.224542,2137125
2019-07-12,98.224542,98.748861,97.247385,97.561319,4897768
2019-07-15,97.561319,97.588116,97.226889,97.353261,1907175
2019-07-16,97.353261,98.086988,96.881193,97.534606,1157277
2019-07-17,97.534606,98.969169,97.108244,98.347348,3312611
2019-07-18,98.347348,99.046481,97.520386,98.001529,4947568
2019-07-19,98.001529,98.650095,97.582315,98.496265,1345753
2019-07-22,98.496265,99.165115,98.206103,98.259508,4397566
2019-07-23,98.259508,98.509126,97.285324,98.132271,4321730
2019-07-24,98.132271,99.039871,97.192377,98.943272,4715720
2019-07-25,98.943272,99.050964,96.895682,97.030716,2686250
2019-07-26,97.030716,97.216918,95.029077,95.687427,2019089
2019-07-29,95.687427,95.825322,93.915114,94.213928,3048571
2019-07-30,94.213928,94.332814,91.801819,91.969400,1569832
2019-07-31,91.969400,91.988980,91.045822,91.237653,4371401
2019-08-01,91.237653,91.923390,90.994141,91.887279,3653261
2019-08-02,91.887279,92.198809,91.655086,91.658389,2933303
2019-08-05,91.658389,92.072730,91.413085,91.828407,3063437
2019-08-06,91.828407,94.195519,91.156932,92.842688,3848487
2019-08-07,92.842688,94.971641,92.480662,94.135255,3092671
2019-08-08,94.135255,94.287760,93.780889,94.135248,4359226
2019-08-09,94.135248,95.780792,93.738386,95.418112,4698476
2019-08-12,95.418112,95.846632,94.683042,95.570718,4799160
2019-08-13,95.570718,95.592966,94.639666,94.781325,3480323
2019-08-14,94.781325,95.142373,93.862230,94.180550,3970202
2019-08-15,94.180550,94.734100,92.288638,92.766946,2244255
2019-08-16,92.766946,92.856197,91.872984,91.877198,1152466
2019-08-19,91.877198,92.397247,91.451551,91.504746,2600266
2019-08-20,91.504746,93.305300,90.661919,92.224294,4486842
2019-08-21,92.224294,94.608160,91.336868,93.861747,1533983
2019-08-22,93.861747,94.037767,91.883776,92.654829,3182850
2019-08-23,92.654829,93.460324,91.499458,92.959346,1769256
2019-08-26,92.959346,93.526340,91.591113,92.012173,2717087
2019-08-27,92.012173,92.786488,91.561003,92.402661,1573400
2019-08-28,92.402661,92.470087,91.853265,92.301155,3938978
2019-08-29,92.301155,92.309019,90.170449,90.621605,4241165
2019-08-30,90.621605,91.512151,90.398101,91.382813,4033416
2019-09-02,91.382813,91.878343,90.820754,90.869612,3819493
2019-09-03,90.869612,91.671637,90.109857,90.360304,1940611
2019-09-04,90.360304,90.800277,89.270624,89.373704,3121380
2019-09-05,89.373704,89.377405,88.211301,88.742129,1419142
2019-09-06,88.742129,89.181841,88.708674,89.091066,2497471
2019-09-09,89.091066,89.746382,88.865421,88.940075,3023259
2019-09-10,88.940075,89.449724,88.452655,89.225301,3673977
2019-09-11,89.225301,90.644224,88.966371,89.563149,1387209
2019-09-12,89.563149,91.065248,89.235431,90.770971,4251621
2019-09-13,90.770971,91.448170,90.220167,90.520962,2835619
2019-09-16,90.520962,90.545157,88.715529,89.181620,4524932
2019-09-17,89.181620,90.124994,88.928468,90.071326,3109901
2019-09-18,90.071326,90.598035,89.539010,89.817814,3188064
2019-09-19,89.817814,90.892838,89.464740,90.811718,3770364
2019-09-20,90.811718,91.527276,90.368564,91.210712,4279540
2019-09-23,91.210712,91.441750,91.040478,91.111148,1630499
2019-09-24,91.111148,92.006348,90.459285,91.424484,3045223
2019-09-25,91.424484,93.491732,90.798926,93.241706,1119818
2019-09-26,93.241706,95.476037,93.128231,95.292299,2898120
2019-09-27,95.292299,95.575073,94.900699,95.462214,4254057
2019-09-30,95.462214,96.373073,94.710269,95.623776,4461727
2019-10-01,95.623776,96.854410,95.594602,96.666648,2134081
2019-10-02,96.666648,97.517225,95.844123,95.904622,2545495
2019-10-03,95.904622,96.548078,95.741773,96.186515,3206245
2019-10-04,96.186515,96.248373,95.747873,96.175754,2583650
2019-10-07,96.175754,97.629029,95.469516,96.477592,1712316
2019-10-08,96.477592,97.008284,95.389108,95.691910,2219645
2019-10-09,95.691910,95.741030,93.775585,94.144349,2616226
2019-10-10,94.144349,94.990843,90.728207,92.137698,3074806
2019-10-11,92.137698,92.686557,90.521547,91.015797,4682928
2019-10-14,91.015797,91.332628,89.974565,90.543806,3179400
2019-10-15,90.543806,90.645200,90.025048,90.255261,2548466
2019-10-16,90.255261,92.006995,89.565118,92.006075,3641844
2019-10-17,92.006075,93.249991,91.976362,93.118715,4092223
2019-10-18,93.118715,93.444016,92.018531,92.282571,2722009
2019-10-21,92.282571,92.603588,91.431935,92.562250,2957062
2019-10-22,92.562250,93.301846,91.887831,92.200164,1871349
2019-10-23,92.200164,92.262456,91.426901,91.920337,4459150
2019-10-24,91.920337,92.284034,91.049370,92.076852,4467368
2019-10-25,92.076852,92.761975,92.022996,92.656615,1699640
2019-10-28,92.656615,93.404841,91.335918,92.371788,2384003
2019-10-29,92.371788,93.806736,91.761119,93.345362,2087792
2019-10-30,93.345362,93.515495,92.085864,92.333870,4691773
2019-10-31,92.333870,92.669049,91.905839,92.289434,1260898
2019-11-01,92.289434,94.848829,92.106512,94.715942,1829413
2019-11-04,94.715942,95.763930,94.571225,95.050731,2259629
2019-11-05,95.050731,96.934285,94.625950,96.439833,3240229
2019-11-06,96.439833,96.857943,96.077035,96.598185,1995915
2019-11-07,96.598185,97.765629,96.047183,97.168808,3146460
2019-11-08,97.168808,97.479507,97.141320,97.142252,3988905
2019-11-11,97.142252,97.453211,96.828385,96.975530,4314591
2019-11-12,96.975530,97.236547,95.968222,96.214297,1396247
2019-11-13,96.214297,96.710880,96.146150,96.591132,1555405
2019-11-14,96.591132,96.659420,95.600598,95.790836,1380774
2019-11-15,95.790836,96.811197,95.631611,96.390425,4639748
2019-11-18,96.390425,97.733289,95.996401,97.472641,3608395
2019-11-19,97.472641,98.654829,97.267161,97.885193,3125712
2019-11-20,97.885193,98.561555,97.580121,97.626013,4163649
2019-11-21,97.626013,98.317981,97.302298,98.057209,3344437
2019-11-22,98.057209,98.669606,97.452783,97.776543,1941815
2019-11-25,97.776543,98.883838,97.184800,98.681437,3040665
2019-11-26,98.681437,98.911250,96.460845,96.935266,3812845
2019-11-27,96.935266,98.086182,96.486344,96.524287,1144099
2019-11-28,96.524287,97.362945,94.193461,94.601572,3425341
2019-11-29,94.601572,94.697892,92.727634,93.104029,2988362
2019-12-02,93.104029,94.839138,92.843129,94.307267,1278025
2019-12-03,94.307267,95.451294,93.644051,95.216395,2054198
2019-12-04,95.216395,95.283722,94.096216,94.579148,2794140
2019-12-05,94.579148,95.678806,92.887320,93.137439,2370752
2019-12-06,93.137439,93.247726,90.162746,90.347461,2160265
2019-12-09,90.347461,91.207075,89.702745,89.721219,3596406
2019-12-10,89.721219,92.095703,89.208646,91.887377,2617450
2019-12-11,91.887377,92.518028,91.878171,92.397999,2990788
2019-12-12,92.397999,92.871502,91.356830,91.907872,4193263
2019-12-13,91.907872,92.387435,91.657939,92.311761,1372872
2019-12-16,92.311761,92.579908,90.681496,90.901928,2439620
2019-12-17,90.901928,91.936272,89.707467,90.562341,1292165
2019-12-18,90.562341,90.925994,90.561834,90.635512,4709312
2019-12-19,90.635512,90.686797,89.549127,90.561165,1742630
2019-12-20,90.561165,91.738592,90.399348,91.276422,4279470
2019-12-23,91.276422,91.685578,90.388942,91.627579,1763540
2019-12-24,91.627579,92.528963,90.905590,92.259712,2296226
2019-12-25,92.259712,92.503474,90.819195,91.658306,3433203
2019-12-26,91.658306,92.734968,91.190959,92.454696,4325497
2019-12-27,92.454696,94.642847,92.033032,94.013715,1711257
2019-12-30,94.013715,94.506025,92.847539,93.183930,1852484
2019-12-31,93.183930,93.835139,92.215938,92.319469,4526877
2020-01-01,92.319469,93.827212,91.731878,93.517341,2287859
2020-01-02,93.517341,94.416485,93.097800,93.398757,1839042
2020-01-03,93.398757,95.247023,93.082954,94.713146,3974090
2020-01-06,94.713146,94.759368,93.936901,94.360843,1364525
2020-01-07,94.360843,96.176202,93.983061,95.726036,4467858
2020-01-08,95.726036,96.174692,95.593541,95.920851,4502984
2020-01-09,95.920851,96.213880,95.273183,96.178643,4426082
2020-01-10,96.178643,97.726846,96.028777,97.708514,2181310
2020-01-13,97.708514,97.752908,97.069043,97.432523,1456838
2020-01-14,97.432523,97.447543,96.086570,96.506215,2701690
2020-01-15,96.506215,96.609658,95.462719,96.028415,2338309
2020-01-16,96.028415,97.135153,95.521200,96.439832,4836105
2020-01-17,96.439832,96.688893,94.603288,94.961874,3526782
2020-01-20,94.961874,95.932104,93.661118,95.495392,4777476
2020-01-21,95.495392,96.148740,94.169499,95.008885,4003502
2020-01-22,95.008885,96.172215,94.333549,96.081151,3859667
2020-01-23,96.081151,96.474966,93.672383,93.860693,1447381
2020-01-24,93.860693,93.912950,92.667357,93.016506,1275755
2020-01-27,93.016506,93.197252,90.668802,91.419659,1185964
2020-01-28,91.419659,92.094973,90.015919,90.588967,3373360
2020-01-29,90.588967,91.002083,90.577893,90.772165,1806839
2020-01-30,90.772165,91.367541,90.485836,90.618776,4956311
2020-01-31,90.618776,90.922905,90.322118,90.381815,1530648
2020-02-03,90.381815,90.731887,90.123762,90.226243,4787664
2020-02-04,90.226243,90.662960,89.504411,90.402152,3670558
2020-02-05,90.402152,90.544001,89.314650,89.503712,1424009
2020-02-06,89.503712,90.315122,89.178800,90.093606,1233813
2020-02-07,90.093606,91.127411,89.566887,90.722401,2583869
2020-02-10,90.722401,91.456872,90.191822,91.104067,2355827
2020-02-11,91.104067,91.915312,90.760212,91.631737,2262146
2020-02-12,91.631737,92.231997,91.496777,91.930295,3114245
2020-02-13,91.930295,94.100956,90.773768,93.835571,1518912
2020-02-14,93.835571,94.365887,92.837081,93.850091,1517828
2020-02-17,93.850091,94.145154,93.086768,93.563059,3779193
2020-02-18,93.563059,94.362997,92.599853,92.846464,4961235
2020-02-19,92.846464,93.899178,91.805389,91.857656,2095393
2020-02-20,91.857656,92.331052,90.589456,90.673042,4727716
2020-02-21,90.673042,90.704967,88.936311,89.812405,2379463
2020-02-24,89.812405,90.340592,89.136936,89.706162,2343547
2020-02-25,89.706162,90.351147,89.693857,90.001220,1361435
2020-02-26,90.001220,90.345779,89.864222,90.062046,2693305
2020-02-27,90.062046,90.538094,89.049207,89.378241,2991870
2020-02-28,89.378241,90.626230,89.365582,90.152081,3655080
2020-03-02,90.152081,90.925852,89.430887,90.860303,1632671
2020-03-03,90.860303,91.413060,90.111111,90.750862,1754773
2020-03-04,90.750862,91.132981,89.847578,90.154832,2728361
2020-03-05,90.154832,91.036600,89.239129,90.620763,1278593
2020-03-06,90.620763,92.090420,90.606048,90.814670,1573368
2020-03-09,90.814670,91.019631,89.058451,89.518601,3516300
2020-03-10,89.518601,89.550835,89.369670,89.393494,4815399
2020-03-11,89.393494,90.202231,89.379753,89.621777,3291848
2020-03-12,89.621777,90.386292,88.571001,88.830398,1579930
2020-03-13,88.830398,89.457690,88.777489,88.959737,4963962
2020-03-16,88.959737,89.091805,87.541866,87.681278,3087548
2020-03-17,87.681278,89.394390,87.337454,88.796434,3867377
2020-03-18,88.796434,90.063112,88.740916,89.968346,1787919
2020-03-19,89.968346,90.472812,89.526362,89.800298,3313744
2020-03-20,89.800298,90.777779,88.767745,90.118850,1305447
2020-03-23,90.118850,90.483468,87.949117,87.988594,3502964
2020-03-24,87.988594,88.030581,86.201833,86.873028,1809234
2020-03-25,86.873028,87.931304,86.478277,86.562945,4638060
2020-03-26,86.562945,86.988582,85.513515,85.624522,1219096
2020-03-27,85.624522,86.487819,85.058816,86.191423,3610518
2020-03-30,86.191423,88.492667,85.998754,87.959245,1557589
2020-03-31,87.959245,88.447054,86.927058,87.018661,3748485
2020-04-01,87.018661,87.711335,85.562643,86.246580,2973936
2020-04-02,86.246580,86.541659,86.150854,86.411371,4869924
2020-04-03,86.411371,88.269145,85.813525,87.823216,3607262
2020-04-06,87.823216,88.551418,86.548390,86.826552,2487992
2020-04-07,86.826552,86.996830,86.120043,86.993392,1349359
2020-04-08,86.993392,88.722135,86.967710,88.600822,3383029
2020-04-09,88.600822,88.734062,86.186701,87.229187,2764074
2020-04-10,87.229187,88.037000,85.842847,86.051692,1210045
2020-04-13,86.051692,86.191827,85.301575,85.629734,3324988
2020-04-14,85.629734,85.769870,84.648914,85.164180,1839979
2020-04-15,85.164180,85.899193,84.171581,85.835644,1936902
2020-04-16,85.835644,86.319628,85.483955,86.077118,1035835
2020-04-17,86.077118,86.267784,84.433350,84.574640,2488313
2020-04-20,84.574640,84.953718,84.046462,84.936856,1873077
2020-04-21,84.936856,85.124759,84.175341,84.465773,1287339
2020-04-22,84.465773,85.655528,83.635421,85.525347,2737179
2020-04-23,85.525347,85.700524,84.385110,85.043274,1880524
2020-04-24,85.043274,85.082544,84.367628,84.479715,1536632
2020-04-27,84.479715,85.725392,84.284347,84.909869,2867011
2020-04-28,84.909869,85.786004,84.071943,85.581876,1252958
2020-04-29,85.581876,86.000362,85.128152,86.000120,4961768
2020-04-30,86.000120,86.017188,84.468913,84.583268,2883838
2020-05-01,84.583268,85.377140,84.270466,84.968977,4985060
2020-05-04,84.968977,85.798620,83.121351,84.113798,4525429
2020-05-05,84.113798,85.100966,83.965234,84.269298,4918486
2020-05-06,84.269298,84.384664,82.910741,83.085700,3170918
2020-05-07,83.085700,83.401322,83.036403,83.398354,2692345
2020-05-08,83.398354,83.469316,82.335464,82.743907,3879563
2020-05-11,82.743907,82.935098,81.425830,81.657211,1322721
2020-05-12,81.657211,82.460845,81.399598,82.187836,4360783
2020-05-13,82.187836,82.797674,81.753396,82.413365,2294293
2020-05-14,82.413365,82.612798,81.765049,81.920140,1029662
2020-05-15,81.920140,83.201037,81.082618,83.092672,1950857
2020-05-18,83.092672,83.968340,82.278906,82.786133,1969279
2020-05-19,82.786133,83.115870,82.164726,82.797416,1056506
2020-05-20,82.797416,83.528080,82.631023,83.020935,3674326
2020-05-21,83.020935,83.288494,82.204717,82.519196,1380934
2020-05-22,82.519196,83.248306,82.448885,82.883766,4386781
2020-05-25,82.883766,83.162999,82.455513,82.460971,2812767
2020-05-26,82.460971,82.815772,81.799208,82.101231,3872958
2020-05-27,82.101231,83.857984,81.543656,83.209443,2358649
2020-05-28,83.209443,83.573946,82.056805,82.403290,1527970
2020-05-29,82.403290,82.496593,80.290000,80.399728,1721414
2020-06-01,80.399728,81.909815,80.359594,81.604910,3583514
2020-06-02,81.604910,83.798378,81.371577,83.774330,3864399
2020-06-03,83.774330,84.242347,83.031437,83.545033,2070115
2020-06-04,83.545033,83.718229,81.784942,81.931242,2428462
2020-06-05,81.931242,82.168295,81.152282,81.597635,4780215
2020-06-08,81.597635,81.633523,81.149812,81.347821,4407471
2020-06-09,81.347821,81.437134,81.124555,81.181021,2652158
2020-06-10,81.181021,81.286031,80.235451,80.273936,1963908
2020-06-11,80.273936,81.291624,79.938852,80.695174,2205415
2020-06-12,80.695174,81.506183,80.666124,81.140769,3153573
2020-06-15,81.140769,81.379047,79.455599,79.959225,3267124
2020-06-16,79.959225,80.465641,79.911638,80.461221,1736556
2020-06-17,80.461221,82.516664,80.103248,82.155609,1263333
2020-06-18,82.155609,82.999592,81.953405,82.382803,2981202
2020-06-19,82.382803,82.922533,82.034245,82.116711,4189836
2020-06-22,82.116711,82.953369,81.833806,81.986922,1609866
2020-06-23,81.986922,82.499868,81.787980,82.486383,2633421
2020-06-24,82.486383,82.947608,80.883718,81.095720,1646314
2020-06-25,81.095720,81.316167,80.735257,81.160116,1968539
2020-06-26,81.160116,81.428504,80.271588,80.847041,3448893
2020-06-29,80.847041,82.603047,80.444480,82.338928,2144779
2020-06-30,82.338928,82.434145,81.886519,82.270822,2055144
2020-07-01,82.270822,83.776253,81.899150,83.651053,4982659
2020-07-02,83.651053,83.932169,82.770321,82.801691,1689468
2020-07-03,82.801691,83.444657,82.614901,83.246893,1757148
2020-07-06,83.246893,83.824608,82.773082,83.535603,3200830
2020-07-07,83.535603,83.606045,82.644201,82.827121,1172013
2020-07-08,82.827121,83.371689,82.630608,82.938855,2699831
2020-07-09,82.938855,84.121417,82.660243,83.956284,3260592
2020-07-10,83.956284,84.542703,83.603698,83.735913,2012765
2020-07-13,83.735913,84.010407,81.835180,82.320232,3193055
2020-07-14,82.320232,82.766659,82.153713,82.235636,3594054
2020-07-15,82.235636,82.816430,80.485499,81.492671,2002435
2020-07-16,81.492671,81.909954,81.108113,81.177320,4249601
2020-07-17,81.177320,81.294981,80.977779,81.095394,2811086
2020-07-20,81.095394,81.159148,79.718246,79.719893,4853845
2020-07-21,79.719893,79.803213,78.274661,78.375174,1350951
2020-07-22,78.375174,78.953902,78.204609,78.686948,2296946
2020-07-23,78.686948,78.832825,77.479297,78.292249,3885080
2020-07-24,78.292249,78.384466,75.968150,76.290600,4579662
2020-07-27,76.290600,77.127001,75.962914,76.792212,1886788
2020-07-28,76.792212,77.243262,76.712444,77.026891,4921001
2020-07-29,77.026891,77.264208,75.889772,76.490643,1773541
2020-07-30,76.490643,76.947432,75.172831,75.463629,2664489
2020-07-31,75.463629,76.450331,74.985332,76.045588,2259513
2020-08-03,76.045588,77.038944,75.719666,76.341036,2697291
2020-08-04,76.341036,78.482293,76.337626,78.196941,4609479
2020-08-05,78.196941,79.331662,77.522354,78.620573,3930200
2020-08-06,78.620573,79.509933,78.125733,78.947303,4185866
2020-08-07,78.947303,79.589178,78.418882,78.831973,2015999
2020-08-10,78.831973,79.760712,78.648130,79.472681,4787569
2020-08-11,79.472681,80.572249,79.032083,80.003382,2742150
2020-08-12,80.003382,81.223157,79.911594,81.038062,3607849
2020-08-13,81.038062,81.079167,80.457793,80.668504,3790878
2020-08-14,80.668504,81.478372,80.110643,80.299677,3651686
2020-08-17,80.299677,80.406771,79.602218,79.897570,3407188
2020-08-18,79.897570,80.939840,79.433472,80.511695,2920123
2020-08-19,80.511695,81.840049,80.147232,81.758440,3590562
2020-08-20,81.758440,82.396647,81.383966,81.446712,4620745
2020-08-21,81.446712,81.667782,80.692965,81.085992,2559094
2020-08-24,81.085992,81.739597,80.584005,81.323015,3043508
2020-08-25,81.323015,81.641468,80.865440,81.135240,1720303
2020-08-26,81.135240,82.367493,80.754968,81.901912,2420240
2020-08-27,81.901912,82.784824,79.801827,80.115938,4088190
2020-08-28,80.115938,80.222658,78.644083,79.368804,3561500
2020-08-31,79.368804,79.599606,78.267134,78.713349,1844584
2020-09-01,78.713349,79.323778,76.365423,76.876064,3184557
2020-09-02,76.876064,77.050195,75.799329,76.048954,4247844
2020-09-03,76.048954,76.220053,74.557274,75.315416,1496079
2020-09-04,75.315416,75.720514,74.905565,75.127688,1247794
2020-09-07,75.127688,76.169649,74.746033,75.959025,2570901
2020-09-08,75.959025,76.365901,75.616845,75.814812,3626189
2020-09-09,75.814812,76.043370,74.737127,75.030187,2253301
2020-09-10,75.030187,75.078967,74.554001,74.948471,4284133
2020-09-11,74.948471,75.969263,74.921971,75.734824,4387335
2020-09-14,75.734824,76.174431,75.021672,75.038428,3130077
2020-09-15,75.038428,75.050573,74.042092,74.323911,2515370
2020-09-16,74.323911,74.759491,74.274932,74.704462,1166864
2020-09-17,74.704462,74.879957,74.075978,74.558185,4286220
2020-09-18,74.558185,75.198523,74.255115,75.035150,4581130
2020-09-21,75.035150,75.341689,74.946939,75.048836,2769558
2020-09-22,75.048836,75.770623,74.592733,75.577967,3065873
2020-09-23,75.577967,75.786509,74.221404,74.825991,4014002
2020-09-24,74.825991,75.917388,74.488088,74.779552,3781483
2020-09-25,74.779552,75.224605,74.512661,74.619849,1541127
2020-09-28,74.619849,75.756918,73.434191,73.710167,3689249
2020-09-29,73.710167,73.937212,72.280425,72.522196,4698600
2020-09-30,72.522196,73.335984,72.466633,72.961927,4002742
2020-10-01,72.961927,73.077676,72.428605,72.728293,2922239
2020-10-02,72.728293,73.261459,71.527646,71.977050,3092644
2020-10-05,71.977050,72.370670,71.750673,71.870535,2039192
2020-10-06,71.870535,73.053635,71.803870,72.680455,3643037
2020-10-07,72.680455,73.378735,70.836985,71.081382,1965958
2020-10-08,71.081382,71.482633,69.756625,69.947622,2367435
2020-10-09,69.947622,69.966893,69.165345,69.249360,2060309
2020-10-12,69.249360,70.652134,69.056633,70.233405,2341281
2020-10-13,70.233405,70.687359,70.218416,70.481864,2466896
2020-10-14,70.481864,71.398610,70.336357,71.037305,1331909
2020-10-15,71.037305,71.344977,70.004443,70.259536,3870078
2020-10-16,70.259536,70.516836,69.310748,69.439108,2763974
2020-10-19,69.439108,70.309023,69.207037,69.709811,4798412
2020-10-20,69.709811,69.904798,69.476395,69.764017,1723542
2020-10-21,69.764017,70.453383,69.745937,70.150618,3676149
2020-10-22,70.150618,70.604320,69.820058,70.038439,1716751
2020-10-23,70.038439,70.701971,69.854060,70.227897,3188665
2020-10-26,70.227897,70.912806,69.832890,70.348530,2963520
2020-10-27,70.348530,70.915699,69.903303,70.903896,2794391
2020-10-28,70.903896,71.921950,70.526090,71.506520,3618851
2020-10-29,71.506520,71.748668,70.198174,70.387316,4312777
2020-10-30,70.387316,70.669435,68.090772,68.768901,2266887
2020-11-02,68.768901,69.822679,68.703830,69.380510,4398628
2020-11-03,69.380510,70.273867,68.328784,70.240563,1739405
2020-11-04,70.240563,70.671811,69.491013,69.570160,2172150
2020-11-05,69.570160,70.328602,68.168398,68.255490,2242681
2020-11-06,68.255490,68.387558,68.119737,68.257978,4813680
2020-11-09,68.257978,69.517493,68.130907,68.896442,1474292
2020-11-10,68.896442,70.442709,68.608587,70.178780,2580461
2020-11-11,70.178780,70.928069,70.138807,70.607123,2697748
2020-11-12,70.607123,70.914694,69.741450,70.366558,4200312
2020-11-13,70.366558,71.070562,69.645613,69.728991,2943598
2020-11-16,69.728991,69.748658,69.610975,69.705246,4867279
2020-11-17,69.705246,69.790764,69.179914,69.495771,3961279
2020-11-18,69.495771,70.113032,68.639629,68.783559,3814632
2020-11-19,68.783559,70.400596,68.737464,70.171149,4011677
2020-11-20,70.171149,71.583420,69.957745,71.506443,1646202
2020-11-23,71.506443,72.762457,71.228828,72.391621,2796204
2020-11-24,72.391621,72.720301,70.813407,71.772199,3344547
2020-11-25,71.772199,72.792520,71.677647,72.357400,1833902
2020-11-26,72.357400,72.955584,71.830281,72.851274,1475108
2020-11-27,72.851274,73.413773,72.596942,73.199280,1543066
2020-11-30,73.199280,74.198340,73.180406,74.137429,4156568
2020-12-01,74.137429,74.896586,73.934786,74.657499,3627524
2020-12-02,74.657499,75.340225,74.450401,75.238317,2125260
2020-12-03,75.238317,75.837822,74.983781,75.748390,3948827
2020-12-04,75.748390,76.311843,75.504154,76.032656,3780859
2020-12-07,76.032656,76.217071,74.575382,74.702541,4266006
2020-12-08,74.702541,74.791582,74.371883,74.699087,4640358
2020-12-09,74.699087,74.732184,74.054449,74.284599,4528936
2020-12-10,74.284599,74.444481,72.983101,73.319531,1724039
2020-12-11,73.319531,74.811092,72.883870,74.514323,4077031
2020-12-14,74.514323,75.964643,74.117828,75.875173,2571431
2020-12-15,75.875173,77.101208,75.613930,76.983156,2612488
2020-12-16,76.983156,77.276272,76.607222,77.235843,3588475
2020-12-17,77.235843,78.963118,77.220661,78.298914,3408752
2020-12-18,78.298914,78.887059,77.994798,78.361894,2678634
2020-12-21,78.361894,78.826390,77.671805,78.524128,4997940
2020-12-22,78.524128,79.267426,77.342984,77.678199,1699275
2020-12-23,77.678199,78.029641,77.609407,77.944964,1387654
2020-12-24,77.944964,78.619741,77.700564,78.005416,1116286
2020-12-25,78.005416,78.196010,76.852545,76.998851,4256956
2020-12-28,76.998851,77.064541,76.529911,76.909480,2626392
2020-12-29,76.909480,77.124999,76.268148,76.843723,2749371
2020-12-30,76.843723,78.246324,76.570138,78.234179,3596836
2020-12-31,78.234179,79.107281,78.013200,79.007707,2741582
2021-01-01,79.007707,79.366310,78.735094,79.055631,3295936
2021-01-04,79.055631,79.369830,78.514913,79.254959,1233817
2021-01-05,79.254959,79.378650,78.866174,79.299992,1624964
2021-01-06,79.299992,79.604193,78.855302,79.141492,4728150
2021-01-07,79.141492,79.460543,78.141779,78.281631,2802773
2021-01-08,78.281631,78.814041,77.588769,78.120792,1669546
2021-01-11,78.120792,78.273410,76.980856,77.532129,2477884
2021-01-12,77.532129,77.743530,76.225300,76.539816,2339153
2021-01-13,76.539816,76.971626,76.506807,76.882573,2096809
2021-01-14,76.882573,77.573783,76.428737,77.201222,2174450
2021-01-15,77.201222,77.235139,75.805877,75.849795,3917084
2021-01-18,75.849795,75.998465,75.289323,75.689932,1427067
2021-01-19,75.689932,76.555403,75.197273,76.439278,2238608
2021-01-20,76.439278,77.326682,76.360375,77.291306,2871805
2021-01-21,77.291306,78.338931,76.895282,78.131561,3160567
2021-01-22,78.131561,79.070020,77.968162,78.204239,4522023
2021-01-25,78.204239,78.380961,77.327327,77.549767,4692894
2021-01-26,77.549767,77.807961,76.235576,76.681670,2189652
2021-01-27,76.681670,77.069961,76.564270,76.903077,3157103
2021-01-28,76.903077,77.303662,76.478382,77.206438,1089420
2021-01-29,77.206438,78.771591,77.040844,78.222162,3468091
2021-02-01,78.222162,79.583279,78.088072,79.139041,1611608
2021-02-02,79.139041,79.176313,78.890859,79.080529,1292983
2021-02-03,79.080529,79.519795,77.974677,78.099812,3686882
2021-02-04,78.099812,78.564031,77.405292,77.802428,1712536
2021-02-05,77.802428,78.200629,77.589115,77.956751,2909503
2021-02-08,77.956751,78.449649,77.791050,77.807081,1403804
2021-02-09,77.807081,78.498468,77.327511,77.351302,3982683
2021-02-10,77.351302,77.779748,77.078968,77.524383,4059251
2021-02-11,77.524383,77.528336,76.747868,77.143297,3299231
2021-02-12,77.143297,77.756670,76.251705,76.641418,4343684
2021-02-15,76.641418,76.916620,76.462717,76.855406,2747210
2021-02-16,76.855406,76.866198,76.053641,76.557745,1745821
2021-02-17,76.557745,76.983289,76.095236,76.729965,1605336
2021-02-18,76.729965,77.172389,75.872856,76.948526,1877087
2021-02-19,76.948526,77.131895,75.706413,76.087549,1801229
2021-02-22,76.087549,76.093134,75.139705,75.679674,2292829
2021-02-23,75.679674,77.058185,75.647370,76.755008,1857353
2021-02-24,76.755008,76.804872,75.291035,75.921757,3364310
2021-02-25,75.921757,75.948253,73.606078,74.291087,1593446
2021-02-26,74.291087,74.786413,72.748675,72.841578,3487184
2021-03-01,72.841578,73.377623,72.575582,72.791036,2336401
2021-03-02,72.791036,73.016764,72.458171,72.811017,3747015
2021-03-03,72.811017,73.758248,72.703615,72.726432,3051692
2021-03-04,72.726432,73.686175,72.502585,73.610573,4620771
2021-03-05,73.610573,73.786533,71.191556,71.712460,2759507
2021-03-08,71.712460,72.373310,71.551510,71.902975,2180160
2021-03-09,71.902975,73.224421,71.360154,73.044196,3356475
2021-03-10,73.044196,73.285054,71.893315,72.281935,3635035
2021-03-11,72.281935,72.425383,71.657180,71.970164,2756959
2021-03-12,71.970164,72.011096,71.241819,71.414904,3238891
2021-03-15,71.414904,71.678010,70.558573,70.751652,2883462
2021-03-16,70.751652,70.915285,70.101555,70.488299,2223348
2021-03-17,70.488299,71.844605,70.227041,71.488394,2254259
2021-03-18,71.488394,73.227395,71.163423,72.865364,4629660
2021-03-19,72.865364,72.972692,72.271750,72.690298,3701338
2021-03-22,72.690298,74.421200,72.285537,74.079457,1381933
2021-03-23,74.079457,74.420787,73.763622,74.175992,4848318
2021-03-24,74.175992,76.216591,74.079733,75.493198,3848004
2021-03-25,75.493198,75.781371,75.391732,75.489206,1200658
2021-03-26,75.489206,76.109241,75.306098,75.588005,3911494
2021-03-29,75.588005,76.246927,75.460656,75.869727,3358495
2021-03-30,75.869727,78.593505,75.549629,78.334827,4661306
2021-03-31,78.334827,79.327940,77.806119,79.130934,2957485
2021-04-01,79.130934,79.171393,78.270089,78.612979,3074322
2021-04-02,78.612979,79.797926,78.539934,79.352380,2258848
2021-04-05,79.352380,79.656644,78.648199,79.102794,2286489
2021-04-06,79.102794,79.587182,78.686334,78.703937,3471685
2021-04-07,78.703937,79.862345,78.150977,79.402229,4310962
2021-04-08,79.402229,80.597292,79.018665,79.462003,4562679
2021-04-09,79.462003,79.832679,79.314851,79.686672,4083241
2021-04-12,79.686672,79.941464,79.550407,79.709069,3439086
2021-04-13,79.709069,80.176024,79.451027,79.978932,3001262
2021-04-14,79.978932,81.060214,79.321385,80.333113,2358423
2021-04-15,80.333113,80.575205,78.464062,78.809470,4071429
2021-04-16,78.809470,79.693742,78.676507,79.260624,2272579
2021-04-19,79.260624,79.834076,78.466304,78.508483,2071502
2021-04-20,78.508483,79.184582,76.925011,77.347399,4471461
2021-04-21,77.347399,77.452925,77.117010,77.244665,3358025
2021-04-22,77.244665,77.451183,76.622107,77.304425,2416880
2021-04-23,77.304425,77.423869,76.584866,76.773138,4460733
2021-04-26,76.773138,77.454006,76.621456,77.387116,4850730
2021-04-27,77.387116,77.760335,75.335712,76.385801,2271938
2021-04-28,76.385801,76.398152,76.011265,76.026063,3085667
2021-04-29,76.026063,76.227796,75.446592,75.564867,2934199
2021-04-30,75.564867,75.638922,75.197685,75.506696,3806597
2021-05-03,75.506696,75.844165,75.098412,75.714635,4804179
2021-05-04,75.714635,76.247255,74.843368,74.965653,3194116
2021-05-05,74.965653,76.219397,74.899130,75.473063,4192847
2021-05-06,75.473063,75.644904,75.330723,75.546104,3382413
2021-05-07,75.546104,75.567445,73.423329,74.133834,4548156
2021-05-10,74.133834,74.610562,72.216355,72.627421,2618352
2021-05-11,72.627421,72.639940,72.195364,72.543972,2540988
2021-05-12,72.543972,72.563469,71.616102,72.379690,2689678
2021-05-13,72.379690,73.159946,72.019667,72.296677,4986021
2021-05-14,72.296677,72.627480,72.127859,72.272303,3445764
2021-05-17,72.272303,72.581782,71.642225,72.434283,1610262
2021-05-18,72.434283,73.273687,72.155916,73.132154,1163574
2021-05-19,73.132154,73.554008,72.157178,72.358759,3075082
2021-05-20,72.358759,72.416085,71.011461,71.477679,4222786
2021-05-21,71.477679,71.843075,70.395544,70.657157,2917093
2021-05-24,70.657157,71.095861,70.300657,70.820697,3240839
2021-05-25,70.820697,71.750346,70.339514,71.716178,4193728
2021-05-26,71.716178,71.883985,71.068946,71.452380,3065377
2021-05-27,71.452380,71.677221,69.532706,69.674191,4634471
2021-05-28,69.674191,69.837166,68.058946,68.410749,3551737
2021-05-31,68.410749,68.477485,67.707590,67.781182,3924557
2021-06-01,67.781182,67.994490,67.279620,67.373047,4125858
2021-06-02,67.373047,67.417471,66.912271,67.078205,3507264
2021-06-03,67.078205,67.364028,66.892414,67.089376,1200264
2021-06-04,67.089376,67.121107,66.686153,66.881110,2709716
2021-06-07,66.881110,67.841240,66.673654,67.576109,1565945
2021-06-08,67.576109,67.870343,67.007038,67.155527,3041303
2021-06-09,67.155527,67.425669,66.537867,66.558142,1572664
2021-06-10,66.558142,67.452117,66.411254,66.847765,3037201
2021-06-11,66.847765,67.363660,65.793468,65.843357,2375356
2021-06-14,65.843357,66.135189,65.662205,66.050427,1081473
2021-06-15,66.050427,66.695462,65.369514,66.128580,1499498
2021-06-16,66.128580,66.364599,65.724881,66.035054,3012183
2021-06-17,66.035054,67.346415,65.712807,67.087499,1315271
2021-06-18,67.087499,67.181313,65.693712,66.724103,4423883
2021-06-21,66.724103,68.268926,66.551969,68.094583,4034782
2021-06-22,68.094583,68.571545,67.845547,68.010351,3837096
2021-06-23,68.010351,68.366483,66.906865,67.143214,1688471
2021-06-24,67.143214,67.415050,66.804488,67.147081,4182834
2021-06-25,67.147081,67.218051,66.281042,66.428480,3538770
2021-06-28,66.428480,66.558167,65.728741,65.895513,2561939
2021-06-29,65.895513,66.295137,65.682138,66.131018,1001660
2021-06-30,66.131018,66.814354,66.073427,66.511316,3115892
2021-07-01,66.511316,66.577355,66.072048,66.117743,4183625
2021-07-02,66.117743,66.917356,65.758243,66.754014,1133934
2021-07-05,66.754014,67.651098,66.465921,67.563533,1210521
2021-07-06,67.563533,68.603773,67.508900,68.582273,2531991
2021-07-07,68.582273,69.035029,68.352524,68.997931,3046295
2021-07-08,68.997931,70.041494,68.606273,69.966246,2897664
2021-07-09,69.966246,70.236504,68.444609,68.710482,2704813
2021-07-12,68.710482,68.901203,67.880814,68.430398,2020835
2021-07-13,68.430398,68.445527,67.719614,67.825813,1239457
2021-07-14,67.825813,68.151207,67.769682,67.876603,1124963
2021-07-15,67.876603,67.899570,67.229530,67.492355,1395240
2021-07-16,67.492355,67.501810,67.054653,67.361181,3761632
2021-07-19,67.361181,68.700661,67.265560,68.634366,4143912
2021-07-20,68.634366,69.391584,68.381470,68.582157,2740351
2021-07-21,68.582157,69.044258,68.560164,68.863913,1309673
2021-07-22,68.863913,69.009315,68.486704,68.718234,2662712
2021-07-23,68.718234,69.130354,68.628466,68.763001,4942569
2021-07-26,68.763001,68.803075,68.756472,68.769378,1999947
2021-07-27,68.769378,69.886176,68.757453,69.078700,2964460
2021-07-28,69.078700,70.036204,68.427435,69.904072,3151321
2021-07-29,69.904072,71.222647,69.765143,71.107422,2319748
2021-07-30,71.107422,71.673951,71.087438,71.388822,2752107
2021-08-02,71.388822,71.951360,71.288389,71.825118,2886959
2021-08-03,71.825118,71.914517,70.937228,71.024881,2895937
2021-08-04,71.024881,71.325424,70.749704,70.922752,3870725
2021-08-05,70.922752,71.701842,70.540139,71.587626,3323485
2021-08-06,71.587626,72.698759,71.004887,72.243941,1213601
2021-08-09,72.243941,72.464413,72.118176,72.430022,1025298
2021-08-10,72.430022,73.205672,72.153298,73.084290,2642782
2021-08-11,73.084290,74.470277,72.467622,73.476875,4630783
2021-08-12,73.476875,74.530684,73.189533,74.384059,1147577
2021-08-13,74.384059,74.913922,73.837982,74.645392,1284349
2021-08-16,74.645392,74.904510,74.306963,74.393396,3717042
2021-08-17,74.393396,74.982806,74.297936,74.631040,2803698
2021-08-18,74.631040,74.980525,72.422837,72.487202,1922527
2021-08-19,72.487202,72.791689,72.291739,72.659312,1829491
2021-08-20,72.659312,72.705582,69.743220,70.064483,3660027
2021-08-23,70.064483,70.086732,68.719866,68.742188,3095129
2021-08-24,68.742188,69.240014,68.597718,68.987694,3552917
2021-08-25,68.987694,69.623800,68.702888,69.330275,2120920
2021-08-26,69.330275,69.703124,68.269857,68.546001,3105485
2021-08-27,68.546001,68.622875,67.903525,68.020914,4440025
2021-08-30,68.020914,69.140207,67.101334,68.933077,2266341
2021-08-31,68.933077,69.047690,68.432628,68.645933,2585439
2021-09-01,68.645933,70.472423,68.465938,70.188352,1654971
2021-09-02,70.188352,70.503045,69.830537,70.265027,3555022
2021-09-03,70.265027,70.818591,70.206844,70.556172,1130044
2021-09-06,70.556172,71.908102,70.536435,71.721075,1995518
2021-09-07,71.721075,72.213164,70.910909,71.873936,3852238
2021-09-08,71.873936,72.341532,71.088002,71.164685,1077624
2021-09-09,71.164685,71.390071,70.721608,71.051401,4956352
2021-09-10,71.051401,71.266329,70.847977,71.020446,2616618
2021-09-13,71.020446,71.463334,69.607250,70.056258,2594808
2021-09-14,70.056258,71.041477,69.819042,69.829519,3145945
2021-09-15,69.829519,70.426291,69.203816,69.301934,3556731
2021-09-16,69.301934,70.177116,69.196907,69.918984,2838188
2021-09-17,69.918984,70.189777,69.875390,69.974195,4536998
2021-09-20,69.974195,70.271872,69.690319,69.779345,4848057
2021-09-21,69.779345,70.155310,69.160216,69.695573,1801401
2021-09-22,69.695573,69.951707,69.180799,69.847057,3827356
2021-09-23,69.847057,70.714401,69.643143,70.286845,2203652
2021-09-24,70.286845,70.404591,69.606640,69.609522,4982679
2021-09-27,69.609522,69.627516,68.645491,68.854896,2013264
2021-09-28,68.854896,69.749160,68.639651,69.581806,2180240
2021-09-29,69.581806,69.758449,69.235086,69.331881,3856953
2021-09-30,69.331881,69.540919,68.014421,68.344187,4156213
2021-10-01,68.344187,68.727026,68.249155,68.598949,1514336
2021-10-04,68.598949,69.661432,68.521480,68.930376,3222233
2021-10-05,68.930376,69.011173,67.789346,67.899643,2382692
2021-10-06,67.899643,68.637678,67.261937,68.004392,3447041
2021-10-07,68.004392,68.855118,67.776948,68.511746,3226921
2021-10-08,68.511746,69.392971,68.486575,68.794287,4943412
2021-10-11,68.794287,69.250680,68.647713,69.244679,4734668
2021-10-12,69.244679,69.286850,68.293375,68.301374,3615948
2021-10-13,68.301374,68.641263,68.130410,68.480872,3717661
2021-10-14,68.480872,69.169422,67.753970,68.282909,4595267
2021-10-15,68.282909,68.470340,67.770663,67.944205,1733960
2021-10-18,67.944205,68.770006,67.579445,68.521240,3903000
2021-10-19,68.521240,69.895686,67.929694,69.571804,4088307
2021-10-20,69.571804,71.239478,69.295020,70.885354,1509544
2021-10-21,70.885354,71.903947,70.514237,71.890717,4525240
2021-10-22,71.890717,71.952905,71.652695,71.862457,3797694
2021-10-25,71.862457,72.784299,71.646477,72.114960,2388532
2021-10-26,72.114960,72.748352,71.789044,72.682826,2937262
2021-10-27,72.682826,72.804622,72.588255,72.799499,2958393
2021-10-28,72.799499,72.979026,72.123104,72.900604,4675191
2021-10-29,72.900604,73.807662,72.720415,73.508706,4876977
2021-11-01,73.508706,73.707008,73.349043,73.495660,4227337
2021-11-02,73.495660,73.560652,72.660027,72.960968,3608835
2021-11-03,72.960968,72.994093,72.373716,72.632669,1416538
2021-11-04,72.632669,73.299062,72.250673,73.078077,4659295
2021-11-05,73.078077,73.497674,72.524257,73.102607,1535662
2021-11-08,73.102607,73.460920,72.646583,73.352964,1667232
2021-11-09,73.352964,74.027217,73.092685,73.858762,1278444
2021-11-10,73.858762,74.020385,72.992676,73.607713,4790993
2021-11-11,73.607713,74.380338,73.426111,74.153855,2972979
2021-11-12,74.153855,74.624490,74.138897,74.462831,1943872
2021-11-15,74.462831,74.757106,72.756865,73.564301,1323087
2021-11-16,73.564301,74.953047,72.820401,74.587721,2647968
2021-11-17,74.587721,75.069441,74.218393,74.266447,3894713
2021-11-18,74.266447,74.926794,72.900868,73.031618,4978243
2021-11-19,73.031618,73.347997,71.812545,72.211816,3209434
2021-11-22,72.211816,72.216834,71.414511,71.437919,3428530
2021-11-23,71.437919,71.441947,71.395580,71.436704,4343540
2021-11-24,71.436704,71.471734,70.904874,71.241281,4607324
2021-11-25,71.241281,71.472552,70.943508,70.991997,2119183
2021-11-26,70.991997,71.951283,70.555966,71.420783,4967577
2021-11-29,71.420783,71.718737,71.417928,71.685518,3076563
2021-11-30,71.685518,72.202064,71.644179,71.925741,4720561
2021-12-01,71.925741,72.264258,71.542984,72.233200,1469918
2021-12-02,72.233200,72.983746,71.879820,72.695130,1389712
2021-12-03,72.695130,73.094829,70.199515,71.201479,4538440
2021-12-06,71.201479,71.284891,70.735893,70.868863,3690275
2021-12-07,70.868863,70.922342,69.192259,69.324262,1700019
2021-12-08,69.324262,69.525054,69.091023,69.272898,4579685
2021-12-09,69.272898,70.030003,68.617002,69.267121,1409449
2021-12-10,69.267121,70.091883,68.992648,69.994839,3729193
2021-12-13,69.994839,71.039984,69.433110,70.868100,1820202
2021-12-14,70.868100,71.438822,70.370794,71.055986,1282393
2021-12-15,71.055986,71.513198,70.590173,70.710698,4224925
2021-12-16,70.710698,71.599488,70.672813,71.037288,4389597
2021-12-17,71.037288,71.365296,70.227455,70.679541,1423258
2021-12-20,70.679541,71.048468,70.474808,70.660717,1372527
2021-12-21,70.660717,71.373975,70.430584,71.360024,3457709
2021-12-22,71.360024,71.392205,70.962498,70.998058,1114838
2021-12-23,70.998058,71.877079,70.897205,71.554188,3984725
2021-12-24,71.554188,72.178548,70.865475,72.068653,4662637
2021-12-27,72.068653,72.511650,70.701637,71.409397,4004324
2021-12-28,71.409397,72.365582,71.392789,72.075121,1922750
2021-12-29,72.075121,73.120061,72.052065,72.614060,1760243
2021-12-30,72.614060,73.057894,72.478473,72.715190,3722402
2021-12-31,72.715190,72.894177,71.768903,72.167994,1246495
2022-01-03,72.167994,72.391902,71.405933,71.523560,3150799
2022-01-04,71.523560,72.089371,70.958336,71.108139,2795225
2022-01-05,71.108139,71.740303,70.760209,71.474196,3978378
2022-01-06,71.474196,71.493746,70.622010,70.812601,1809941
2022-01-07,70.812601,71.504369,70.799234,71.090031,4049304
2022-01-10,71.090031,71.458484,69.671204,70.226453,3797083
2022-01-11,70.226453,70.256131,69.793865,70.040474,1954854
2022-01-12,70.040474,70.344683,69.360778,70.108018,2426771
2022-01-13,70.108018,72.702275,69.855200,71.846842,1264059
2022-01-14,71.846842,72.218214,70.432348,70.950928,2797415
2022-01-17,70.950928,72.383333,70.650769,71.957900,2042401
2022-01-18,71.957900,72.236314,71.872873,72.116602,1453939
2022-01-19,72.116602,72.511039,71.776514,72.421713,3239649
2022-01-20,72.421713,72.916067,72.339237,72.522780,3270201
2022-01-21,72.522780,73.051784,72.242766,72.851107,1343778
2022-01-24,72.851107,73.717048,72.718621,72.755661,1742096
2022-01-25,72.755661,74.106103,72.241773,73.816455,1330401
2022-01-26,73.816455,73.867464,73.049979,73.533472,3715942
2022-01-27,73.533472,74.428984,73.025663,74.356494,2352124
2022-01-28,74.356494,74.534061,73.738390,73.920031,1284675
2022-01-31,73.920031,74.211781,73.091632,73.853764,1766152
2022-02-01,73.853764,74.078446,72.565304,73.063031,4903578
2022-02-02,73.063031,73.435342,72.370399,73.356750,2023015
2022-02-03,73.356750,75.126677,72.835522,74.439475,3738107
2022-02-04,74.439475,74.609004,74.087914,74.436425,2873750
2022-02-07,74.436425,74.591390,73.715862,74.289863,1726918
2022-02-08,74.289863,74.694909,73.347809,73.459173,2229543
2022-02-09,73.459173,73.691038,72.848501,73.249735,1056378
2022-02-10,73.249735,73.582433,71.883587,72.081969,3987951
2022-02-11,72.081969,72.127693,70.902424,71.369572,2337851
2022-02-14,71.369572,72.591338,71.151630,71.496097,2996973
2022-02-15,71.496097,72.914802,70.731982,72.451803,1611253
2022-02-16,72.451803,75.268698,72.371083,74.565475,4296848
2022-02-17,74.565475,74.769239,73.813638,74.236025,1873645
2022-02-18,74.236025,76.039502,74.229197,75.292546,3265134
2022-02-21,75.292546,75.996136,75.104715,75.529647,4491001
2022-02-22,75.529647,75.534690,75.091948,75.427353,3852786
2022-02-23,75.427353,76.167713,75.059738,75.749221,3412818
2022-02-24,75.749221,75.917260,75.253048,75.812276,4552155
2022-02-25,75.812276,76.073195,75.480847,75.899173,1705830
2022-02-28,75.899173,76.036934,75.185485,75.594214,4854210
2022-03-01,75.594214,75.857844,74.256556,74.529673,3226637
2022-03-02,74.529673,75.378354,73.238661,73.336026,2639427
2022-03-03,73.336026,74.115185,73.303204,73.757092,2023122
2022-03-04,73.757092,74.339898,73.487065,73.574346,3979701
2022-03-07,73.574346,73.738660,72.684721,73.128011,4904803
2022-03-08,73.128011,73.545382,72.762760,73.111984,3760451
2022-03-09,73.111984,74.137846,73.008891,73.694683,1131028
2022-03-10,73.694683,74.014570,73.605714,73.857031,2876349
2022-03-11,73.857031,74.287228,72.853498,73.382148,3929273
2022-03-14,73.382148,74.608100,73.366812,74.263612,2589744
2022-03-15,74.263612,76.461744,73.891004,75.490738,4091988
2022-03-16,75.490738,76.211927,75.083346,75.927199,3829161
2022-03-17,75.927199,76.886757,75.839334,76.692189,1268651
2022-03-18,76.692189,77.808458,76.464149,77.689546,3231869
2022-03-21,77.689546,78.815987,77.594948,78.623273,1687477
2022-03-22,78.623273,79.507099,78.103519,79.154852,2946074
2022-03-23,79.154852,80.757054,78.903202,79.656726,2537226
2022-03-24,79.656726,80.271147,79.182576,80.097056,4227598
2022-03-25,80.097056,80.244979,79.180765,79.244765,4472619
2022-03-28,79.244765,79.956023,78.591744,79.759328,2845875
2022-03-29,79.759328,80.531151,78.639381,78.710706,3147999
2022-03-30,78.710706,78.715970,77.861404,78.036093,3504360
2022-03-31,78.036093,79.536109,77.823102,79.025985,3621227
2022-04-01,79.025985,79.847250,78.616384,79.743018,3541474
2022-04-04,79.743018,81.309130,79.539391,80.974541,4132051
2022-04-05,80.974541,81.087598,80.253530,80.816757,4927913
2022-04-06,80.816757,81.369860,79.633216,79.883100,4312491
2022-04-07,79.883100,79.905443,79.216595,79.644975,1538854
2022-04-08,79.644975,79.912119,79.502906,79.714379,2905138
2022-04-11,79.714379,79.926976,79.593023,79.780844,2845168
2022-04-12,79.780844,80.810127,79.602749,80.693813,3035172
2022-04-13,80.693813,80.857211,80.424400,80.448572,3113850
2022-04-14,80.448572,81.621790,80.443512,80.719992,3872023
2022-04-15,80.719992,80.829124,79.676837,79.939366,2684061
2022-04-18,79.939366,80.429484,79.648639,80.261150,2053369
2022-04-19,80.261150,80.784640,80.244963,80.279769,2830357
2022-04-20,80.279769,80.737465,79.556586,79.680996,4417958
2022-04-21,79.680996,79.685664,78.833567,79.463555,2245728
2022-04-22,79.463555,80.410518,78.941510,79.306501,1083147
2022-04-25,79.306501,79.511390,78.464610,79.084716,4905156
2022-04-26,79.084716,81.379977,78.932587,80.486786,1783086
2022-04-27,80.486786,81.078338,79.945671,80.478271,3411377
2022-04-28,80.478271,80.546466,79.663490,80.281803,4200799
2022-04-29,80.281803,80.683081,78.561777,78.605860,2097863
2022-05-02,78.605860,78.960416,77.216471,77.823959,2361032
2022-05-03,77.823959,78.428071,77.508262,77.580706,2121976
2022-05-04,77.580706,77.681854,76.534932,77.038378,1599331
2022-05-05,77.038378,78.095937,76.902817,78.082818,1611786
2022-05-06,78.082818,78.274723,77.822838,78.006642,1747019
2022-05-09,78.006642,79.047808,77.485666,79.014360,2832199
2022-05-10,79.014360,80.208601,78.643971,79.113888,3123025
2022-05-11,79.113888,79.478584,78.981400,79.148328,1063949
2022-05-12,79.148328,79.563658,78.738533,79.079799,4384726
2022-05-13,79.079799,79.413491,78.757456,79.079376,3703645
2022-05-16,79.079376,81.045431,79.009371,80.450315,1282602
2022-05-17,80.450315,80.526772,78.534774,78.673240,4370869
2022-05-18,78.673240,79.481513,76.968813,77.028137,1121923
2022-05-19,77.028137,77.100769,76.375173,76.529972,3242109
2022-05-20,76.529972,76.840582,76.414345,76.516264,2860672
2022-05-23,76.516264,77.419035,76.267945,77.045442,3008558
2022-05-24,77.045442,77.505765,76.426966,77.437478,4824749
2022-05-25,77.437478,77.705323,76.755391,77.160077,4708249
2022-05-26,77.160077,78.521720,76.866536,77.936407,2116039
2022-05-27,77.936407,79.078101,77.714894,78.782879,3318653
2022-05-30,78.782879,79.227924,78.490327,78.970661,4836682
2022-05-31,78.970661,79.991886,78.502884,79.744041,3915426
2022-06-01,79.744041,80.015629,79.331840,80.000729,4550724
2022-06-02,80.000729,80.079752,78.887643,79.565581,2739289
2022-06-03,79.565581,80.575570,79.196852,80.100898,2132540
2022-06-06,80.100898,81.093382,79.999682,80.216439,3042628
2022-06-07,80.216439,80.283495,80.131591,80.223295,4267792
2022-06-08,80.223295,81.545927,80.058937,81.414041,4715255
2022-06-09,81.414041,81.906296,79.270455,79.501486,3743469
2022-06-10,79.501486,80.126104,77.965779,78.289248,3826101
2022-06-13,78.289248,78.903818,77.028556,77.305979,3047289
2022-06-14,77.305979,77.691745,76.933370,76.977005,2278420
2022-06-15,76.977005,77.112587,76.282790,76.764894,2691664
2022-06-16,76.764894,76.949258,75.541825,75.606043,2990829
2022-06-17,75.606043,76.563179,74.291290,74.807943,4262011
2022-06-20,74.807943,75.361559,73.505978,74.127386,3221398
2022-06-21,74.127386,76.361887,73.861510,75.936870,4172317
2022-06-22,75.936870,77.560841,75.484915,77.410747,1109445
2022-06-23,77.410747,77.752592,76.977505,77.166798,4027745
2022-06-24,77.166798,77.471186,76.547561,76.874609,3028268
2022-06-27,76.874609,77.297673,75.706103,75.981806,4993023
2022-06-28,75.981806,76.072390,74.209786,74.502190,2886885
2022-06-29,74.502190,74.544946,74.207000,74.342029,2914049
2022-06-30,74.342029,74.934130,73.569328,73.595975,1509888
2022-07-01,73.595975,73.726496,73.272916,73.496480,4227691
2022-07-04,73.496480,74.392862,71.638514,72.324853,3806105
2022-07-05,72.324853,72.507273,71.596410,71.718203,4449913
2022-07-06,71.718203,72.045561,71.651486,71.794631,1370996
2022-07-07,71.794631,72.077230,71.594477,72.061870,1846410
2022-07-08,72.061870,72.408158,71.579940,72.376781,4507905
2022-07-11,72.376781,72.475830,71.212501,71.442910,1168265
2022-07-12,71.442910,72.293925,70.708997,72.009366,3032818
2022-07-13,72.009366,72.561269,71.435620,71.463651,2618993
2022-07-14,71.463651,72.075840,71.441617,71.889999,4757700
2022-07-15,71.889999,72.149658,71.778928,71.903733,4426946
2022-07-18,71.903733,72.124508,70.200834,70.921516,4586853
2022-07-19,70.921516,71.492011,70.287417,70.649015,2156413
2022-07-20,70.649015,71.130949,70.577233,70.893966,3350031
2022-07-21,70.893966,71.742821,70.610511,71.342201,3800040
2022-07-22,71.342201,71.358251,71.069233,71.264143,4869874
2022-07-25,71.264143,73.069630,71.246472,72.360194,1029392
2022-07-26,72.360194,73.406922,71.872731,73.148718,4908107
2022-07-27,73.148718,73.755811,72.343400,73.000769,2421457
2022-07-28,73.000769,73.656527,72.837195,73.542977,1513096
2022-07-29,73.542977,75.339563,73.404498,75.006734,3462066
2022-08-01,75.006734,77.011178,74.071873,76.567150,4126172
2022-08-02,76.567150,76.736329,75.548708,75.710560,1519028
2022-08-03,75.710560,75.779948,74.756041,74.970132,1163096
2022-08-04,74.970132,76.299277,74.304794,76.054302,4586427
2022-08-05,76.054302,76.278170,74.782039,75.307721,4734831
